Protein	CNN_struct	CNN
RNCMPT00168	0.633694586132	0.60110173721
RNCMPT00076	0.633357441827	0.634226884796
RNCMPT00268	0.633182860161	0.627615669001
RNCMPT00038	0.253956599655	0.251804077001
RNCMPT00111	0.123123459866	0.0686675241156
