Protein	CNN_struct	CNN
RNCMPT00158	0.582416188009	0.536542955434
